"","Date","Max.TemperatureF","Mean.TemperatureF","Min.TemperatureF","Max.Dew.PointF","MeanDew.PointF","Min.DewpointF","Max.Humidity","Mean.Humidity","Min.Humidity","Max.Sea.Level.PressureIn","Mean.Sea.Level.PressureIn","Min.Sea.Level.PressureIn","Max.VisibilityMiles","Mean.VisibilityMiles","Min.VisibilityMiles","Max.Wind.SpeedMPH","Mean.Wind.SpeedMPH","Max.Gust.SpeedMPH","PrecipitationIn","CloudCover","Events","WindDirDegrees.br...","city","season"
"24446",2015-01-01,"55","48","40","38","31","26","76","58","39","30.17","30.13","30.08","10","10","10","20","9","23","0.00","0","","38<br />","San Francisco (CA)","Winter"
"24447",2015-01-02,"52","45","38","38","35","32","86","68","50","30.23","30.18","30.12","10","10","6","7","2","23","0.00","1","","162<br />","San Francisco (CA)","Winter"
"24448",2015-01-03,"54","46","38","45","39","35","92","76","59","30.32","30.26","30.19","10","9","7","7","2","15","0.00","1","","118<br />","San Francisco (CA)","Winter"
"24449",2015-01-04,"55","48","41","46","41","38","96","78","59","30.43","30.38","30.32","9","7","6","14","2","24","0.00","4","","147<br />","San Francisco (CA)","Winter"
"24450",2015-01-05,"59","51","43","48","43","38","100","77","53","30.39","30.32","30.23","10","9","7","7","2","10","0.00","3","","121<br />","San Francisco (CA)","Winter"
"24451",2015-01-06,"60","52","44","48","44","41","92","73","53","30.28","30.22","30.17","10","9","7","8","2","12","0.00","1","","104<br />","San Francisco (CA)","Winter"
"24452",2015-01-07,"60","53","45","53","47","42","93","75","57","30.23","30.15","30.08","10","9","6","7","2","10","0.00","1","","75<br />","San Francisco (CA)","Winter"
"24453",2015-01-08,"60","55","49","52","49","45","100","84","67","30.10","30.05","30.01","10","8","4","7","1","8","0.00","6","","54<br />","San Francisco (CA)","Winter"
"24454",2015-01-09,"63","57","51","55","52","49","100","86","72","30.03","30.00","29.96","10","8","6","13","4","16","0.00","6","","325<br />","San Francisco (CA)","Winter"
"24455",2015-01-10,"61","55","49","55","53","49","100","89","78","30.04","30.00","29.96","10","8","3","15","5","17","0.00","5","","308<br />","San Francisco (CA)","Winter"
"24456",2015-01-11,"56","52","47","53","50","47","100","93","86","30.18","30.09","30.02","10","8","0","20","4","28","0.00","5","Fog","192<br />","San Francisco (CA)","Winter"
"24457",2015-01-12,"62","55","47","55","51","48","100","89","78","30.28","30.22","30.19","10","7","0","18","4","22","0.00","4","Fog","297<br />","San Francisco (CA)","Winter"
"24458",2015-01-13,"64","55","46","51","47","42","100","74","48","30.22","30.17","30.12","10","8","0","8","1","9","0.00","1","Fog","10<br />","San Francisco (CA)","Winter"
"24459",2015-01-14,"58","51","43","53","47","41","93","82","71","30.29","30.22","30.16","10","8","5","9","2","9","0.00","3","","71<br />","San Francisco (CA)","Winter"
"24460",2015-01-15,"59","52","45","53","49","44","100","86","72","30.34","30.28","30.25","7","5","2","13","2","15","0.00","5","","117<br />","San Francisco (CA)","Winter"
"24461",2015-01-16,"58","53","48","55","52","48","100","90","80","30.30","30.26","30.22","8","5","4","9","3","10","0.00","6","","34<br />","San Francisco (CA)","Winter"
"24462",2015-01-17,"58","55","51","55","53","50","100","93","86","30.29","30.26","30.20","10","7","6","10","4","12","0.00","5","","84<br />","San Francisco (CA)","Winter"
"24463",2015-01-18,"61","57","53","59","55","53","100","95","90","30.33","30.28","30.25","10","5","0","10","3","12","0.00","7","Fog","350<br />","San Francisco (CA)","Winter"
"24464",2015-01-19,"60","56","52","56","54","51","100","86","72","30.30","30.25","30.17","10","7","0","15","4","20","0.00","6","Fog","359<br />","San Francisco (CA)","Winter"
"24465",2015-01-20,"61","55","49","52","50","46","100","86","72","30.17","30.12","30.06","10","7","0","10","4","","0.00","3","Fog","347<br />","San Francisco (CA)","Winter"
"24466",2015-01-21,"64","55","46","51","46","40","100","72","43","30.19","30.13","30.08","10","10","9","8","3","20","0.00","1","","128<br />","San Francisco (CA)","Winter"
"24467",2015-01-22,"57","52","47","51","47","45","93","80","67","30.35","30.28","30.19","10","9","7","18","4","21","0.00","2","","79<br />","San Francisco (CA)","Winter"
"24468",2015-01-23,"67","56","45","53","48","44","100","74","48","30.37","30.31","30.23","10","9","6","12","2","22","0.00","1","","174<br />","San Francisco (CA)","Winter"
"24469",2015-01-24,"64","57","49","54","49","41","89","66","43","30.24","30.17","30.10","10","10","9","12","3","13","0.00","0","","30<br />","San Francisco (CA)","Winter"
"24470",2015-01-25,"63","56","49","54","48","44","100","86","71","30.15","30.09","30.01","10","9","6","12","3","25","0.00","0","","55<br />","San Francisco (CA)","Winter"
"24471",2015-01-26,"64","56","48","54","48","43","100","76","52","30.05","30.01","29.96","10","10","9","13","3","14","0.00","5","","64<br />","San Francisco (CA)","Winter"
"24472",2015-01-27,"68","61","54","55","48","40","93","68","42","30.27","30.17","30.03","10","10","10","22","6","28","0.00","6","","167<br />","San Francisco (CA)","Winter"
"24473",2015-01-28,"64","57","49","55","52","48","100","84","67","30.27","30.21","30.17","10","10","7","15","4","17","0.00","2","","284<br />","San Francisco (CA)","Winter"
"24474",2015-01-29,"66","58","49","55","53","48","100","82","63","30.17","30.12","30.07","10","8","2","18","6","21","0.00","3","","273<br />","San Francisco (CA)","Winter"
"24475",2015-01-30,"64","57","50","55","52","48","100","86","72","30.06","29.99","29.91","10","9","2","20","6","24","0.00","2","","312<br />","San Francisco (CA)","Winter"
"24476",2015-01-31,"74","61","48","55","43","28","100","60","20","30.06","29.97","29.91","10","10","10","18","5","25","0.00","1","","290<br />","San Francisco (CA)","Winter"
"24477",2015-02-01,"64","55","46","54","50","42","100","80","60","30.17","30.13","30.06","10","10","10","14","4","16","0.00","4","","308<br />","San Francisco (CA)","Winter"
"24478",2015-02-02,"66","58","49","54","52","48","100","82","63","30.19","30.14","30.08","10","7","4","10","3","12","0.00","5","","340<br />","San Francisco (CA)","Winter"
"24479",2015-02-03,"65","59","52","57","54","50","100","86","72","30.13","30.09","30.04","10","9","7","9","2","25","0.00","5","","51<br />","San Francisco (CA)","Winter"
"24480",2015-02-04,"64","57","50","57","53","50","100","86","72","30.08","30.05","30.02","10","7","2","16","6","21","0.00","5","","211<br />","San Francisco (CA)","Winter"
"24481",2015-02-05,"64","59","53","54","51","47","93","75","56","30.05","29.97","29.89","10","10","10","25","8","32","0.00","7","","140<br />","San Francisco (CA)","Winter"
"24482",2015-02-06,"67","61","55","63","58","49","100","80","60","29.92","29.84","29.78","10","9","3","41","25","54","0.72","7","Rain","155<br />","San Francisco (CA)","Winter"
"24483",2015-02-07,"65","62","59","64","61","58","100","89","78","30.07","30.02","29.92","10","10","6","32","9","45","0.08","6","Rain","168<br />","San Francisco (CA)","Winter"
"24484",2015-02-08,"65","61","57","61","59","54","100","84","67","30.04","29.94","29.85","10","7","1","41","18","55","1.21","7","Rain","165<br />","San Francisco (CA)","Winter"
"24485",2015-02-09,"64","59","54","58","56","53","100","84","67","30.26","30.20","30.07","10","10","9","22","10","29","T","4","","251<br />","San Francisco (CA)","Winter"
"24486",2015-02-10,"64","56","48","53","50","47","100","80","60","30.23","30.16","30.10","10","10","9","16","5","23","0.00","3","","289<br />","San Francisco (CA)","Winter"
"24487",2015-02-11,"67","58","48","54","51","47","100","74","48","30.19","30.14","30.11","10","10","10","9","2","13","0.00","4","","204<br />","San Francisco (CA)","Winter"
"24488",2015-02-12,"73","62","51","58","53","49","100","74","47","30.21","30.16","30.13","10","10","10","8","2","10","0.00","4","","128<br />","San Francisco (CA)","Winter"
"24489",2015-02-13,"69","61","52","59","56","52","100","79","58","30.16","30.10","30.06","10","10","9","13","4","14","0.00","2","","7<br />","San Francisco (CA)","Winter"
"24490",2015-02-14,"73","63","52","59","56","53","100","79","57","30.12","30.07","30.02","10","10","10","9","3","9","0.00","1","","40<br />","San Francisco (CA)","Winter"
"24491",2015-02-15,"75","63","51","60","52","46","100","71","41","30.06","30.01","29.96","10","10","10","7","1","23","0.00","2","","73<br />","San Francisco (CA)","Winter"
"24492",2015-02-16,"68","60","51","58","54","47","100","84","68","30.04","30.00","29.96","10","9","7","24","7","26","0.00","3","Fog","292<br />","San Francisco (CA)","Winter"
"24493",2015-02-17,"59","56","53","54","52","48","100","88","75","30.19","30.13","30.05","10","8","5","13","7","14","0.00","8","","246<br />","San Francisco (CA)","Winter"
"24494",2015-02-18,"64","59","54","56","52","48","100","86","72","30.23","30.18","30.12","10","10","9","20","7","24","0.00","4","","295<br />","San Francisco (CA)","Winter"
"24495",2015-02-19,"62","58","54","57","55","53","100","92","84","30.17","30.12","30.06","10","9","5","20","6","23","0.00","6","","266<br />","San Francisco (CA)","Winter"
"24496",2015-02-20,"68","61","54","57","55","51","100","82","63","30.09","30.02","29.94","10","8","3","17","5","18","0.00","5","","52<br />","San Francisco (CA)","Winter"
"24497",2015-02-21,"67","58","49","56","51","48","100","78","56","29.97","29.91","29.84","10","10","4","15","3","18","0.00","2","","257<br />","San Francisco (CA)","Winter"
"24498",2015-02-22,"65","57","49","54","43","33","100","67","34","29.90","29.86","29.84","10","10","9","26","11","32","0.00","2","","332<br />","San Francisco (CA)","Winter"
"24499",2015-02-23,"63","58","53","44","32","25","71","51","30","30.24","30.07","29.90","10","10","10","24","12","30","0.00","1","","352<br />","San Francisco (CA)","Winter"
"24500",2015-02-24,"66","55","44","52","40","26","86","60","33","30.36","30.31","30.26","10","10","10","17","7","21","0.00","1","","269<br />","San Francisco (CA)","Winter"
"24501",2015-02-25,"65","57","49","54","51","49","96","82","67","30.30","30.21","30.09","10","10","8","24","7","29","0.00","3","","248<br />","San Francisco (CA)","Winter"
"24502",2015-02-26,"67","59","50","56","53","50","100","82","63","30.08","30.01","29.93","10","10","7","29","12","36","0.00","4","","272<br />","San Francisco (CA)","Winter"
"24503",2015-02-27,"62","58","53","55","51","46","100","80","60","29.93","29.84","29.76","10","10","10","37","20","44","T","4","Rain","282<br />","San Francisco (CA)","Winter"
"24504",2015-02-28,"62","56","50","51","47","44","100","79","57","29.92","29.80","29.73","10","10","7","24","8","28","T","4","Rain-Thunderstorm","297<br />","San Francisco (CA)","Winter"
"24505",2015-03-01,"65","57","48","52","45","35","100","70","39","30.01","29.95","29.92","10","10","10","21","7","24","0.00","1","","239<br />","San Francisco (CA)","Winter"
"24506",2015-03-02,"61","56","50","50","46","43","89","70","51","29.99","29.87","29.81","10","10","10","18","7","24","0.00","4","","239<br />","San Francisco (CA)","Winter"
"24507",2015-03-03,"64","56","47","52","49","45","96","78","60","30.06","30.01","29.98","10","10","10","22","7","24","0.00","2","","268<br />","San Francisco (CA)","Winter"
"24508",2015-03-04,"66","56","46","49","44","38","86","65","43","30.23","30.13","30.04","10","10","10","12","5","","0.00","1","","289<br />","San Francisco (CA)","Winter"
"24509",2015-03-05,"68","58","47","55","45","36","86","61","36","30.35","30.29","30.24","10","10","10","10","3","","0.00","0","","326<br />","San Francisco (CA)","Winter"
"24510",2015-03-06,"72","60","48","53","46","40","93","66","38","30.30","30.23","30.14","10","10","10","17","7","","0.00","0","","280<br />","San Francisco (CA)","Winter"
"24511",2015-03-07,"73","61","48","54","50","42","100","74","47","30.14","30.08","30.01","10","10","10","21","8","25","0.00","0","","306<br />","San Francisco (CA)","Winter"
"24512",2015-03-08,"65","57","48","54","52","47","100","84","67","30.12","30.06","30.00","10","10","9","28","13","31","0.00","4","","298<br />","San Francisco (CA)","Winter"
"24513",2015-03-09,"66","59","51","55","52","50","100","84","67","30.07","30.00","29.93","10","10","8","21","10","24","0.00","5","","291<br />","San Francisco (CA)","Winter"
"24514",2015-03-10,"62","56","50","57","53","51","100","89","78","30.02","29.96","29.93","10","7","2","26","8","32","0.00","7","","283<br />","San Francisco (CA)","Winter"
"24515",2015-03-11,"68","62","55","58","55","46","100","76","52","30.26","30.13","30.00","10","10","7","15","6","22","0.02","5","Rain","270<br />","San Francisco (CA)","Winter"
"24516",2015-03-12,"72","62","52","57","54","52","100","77","53","30.28","30.21","30.14","10","10","8","20","7","22","0.00","4","","289<br />","San Francisco (CA)","Winter"
"24517",2015-03-13,"74","64","53","60","55","48","100","76","52","30.19","30.13","30.08","10","10","9","23","6","25","0.00","6","","307<br />","San Francisco (CA)","Winter"
"24518",2015-03-14,"83","70","57","62","54","41","100","63","25","30.12","30.05","29.96","10","10","10","15","5","17","0.00","5","","16<br />","San Francisco (CA)","Winter"
"24519",2015-03-15,"71","65","59","57","49","40","93","65","36","30.10","30.04","29.98","10","10","10","21","10","23","0.00","6","","257<br />","San Francisco (CA)","Winter"
"24520",2015-03-16,"69","63","57","59","55","51","100","79","58","30.06","30.03","30.01","10","10","10","15","6","18","0.00","6","","298<br />","San Francisco (CA)","Winter"
"24521",2015-03-17,"65","59","53","55","52","48","100","78","56","30.14","30.09","30.05","10","10","10","30","18","37","0.00","4","","274<br />","San Francisco (CA)","Winter"
"24522",2015-03-18,"69","60","51","53","52","49","100","75","49","30.08","30.05","30.01","10","10","10","25","10","29","0.00","1","","284<br />","San Francisco (CA)","Winter"
"24523",2015-03-19,"74","62","50","59","52","49","100","73","46","30.07","30.05","29.99","10","10","9","22","8","25","0.00","3","","303<br />","San Francisco (CA)","Winter"
"24524",2015-03-20,"71","62","52","57","51","37","93","61","29","30.17","30.11","30.05","10","10","10","23","9","29","0.00","4","","273<br />","San Francisco (CA)","Spring"
"24525",2015-03-21,"73","65","56","59","57","53","100","77","53","30.19","30.15","30.10","10","10","9","23","8","26","0.00","7","","299<br />","San Francisco (CA)","Spring"
"24526",2015-03-22,"67","61","55","58","55","49","100","80","60","30.20","30.16","30.13","10","10","10","20","8","23","0.04","6","Rain","220<br />","San Francisco (CA)","Spring"
"24527",2015-03-23,"65","60","55","58","50","42","100","74","48","30.32","30.27","30.20","10","10","10","23","11","26","T","6","Rain","265<br />","San Francisco (CA)","Spring"
"24528",2015-03-24,"65","59","53","57","54","51","93","80","67","30.32","30.28","30.24","10","10","10","26","11","32","0.00","5","","282<br />","San Francisco (CA)","Spring"
"24529",2015-03-25,"72","62","52","56","54","51","100","77","53","30.25","30.20","30.16","10","10","10","25","10","30","0.00","1","","286<br />","San Francisco (CA)","Spring"
"24530",2015-03-26,"79","66","52","60","55","50","100","73","45","30.18","30.12","30.05","10","10","10","21","7","24","0.00","0","","314<br />","San Francisco (CA)","Spring"
"24531",2015-03-27,"63","58","52","56","55","52","100","89","78","30.18","30.14","30.09","10","10","10","30","18","36","0.00","2","","279<br />","San Francisco (CA)","Spring"
"24532",2015-03-28,"74","63","52","55","51","45","100","70","40","30.20","30.14","30.08","10","10","9","26","12","31","0.00","2","","276<br />","San Francisco (CA)","Spring"
"24533",2015-03-29,"71","61","50","55","52","49","96","72","47","30.13","30.08","30.01","10","10","7","26","10","31","0.00","1","","294<br />","San Francisco (CA)","Spring"
"24534",2015-03-30,"64","58","52","53","52","47","100","82","63","30.09","30.06","30.02","10","10","9","32","18","39","0.00","4","","273<br />","San Francisco (CA)","Spring"
"24535",2015-03-31,"65","59","53","56","50","44","100","76","52","30.21","30.15","30.09","10","10","10","36","22","41","0.00","3","","277<br />","San Francisco (CA)","Spring"
"24536",2015-04-01,"64","57","49","49","44","37","83","63","42","30.21","30.15","30.09","10","10","10","30","16","38","0.00","2","","272<br />","San Francisco (CA)","Spring"
"24537",2015-04-02,"68","59","49","48","41","36","83","59","34","30.22","30.17","30.14","10","10","10","25","14","31","0.00","1","","292<br />","San Francisco (CA)","Spring"
"24538",2015-04-03,"65","57","48","48","45","43","93","71","48","30.23","30.18","30.12","10","10","10","31","14","37","0.00","0","","281<br />","San Francisco (CA)","Spring"
"24539",2015-04-04,"63","57","50","49","46","41","89","69","48","30.12","30.05","29.98","10","10","10","35","19","41","0.00","3","","272<br />","San Francisco (CA)","Spring"
"24540",2015-04-05,"59","54","48","52","46","41","100","77","53","29.99","29.93","29.91","10","9","3","22","8","25","0.11","5","Rain","230<br />","San Francisco (CA)","Spring"
"24541",2015-04-06,"63","55","46","47","44","39","93","68","43","29.98","29.93","29.84","10","10","10","23","11","28","0.00","5","","172<br />","San Francisco (CA)","Spring"
"24542",2015-04-07,"61","56","50","53","47","41","100","75","49","30.06","29.91","29.77","10","9","5","29","14","39","0.59","6","Rain","235<br />","San Francisco (CA)","Spring"
"24543",2015-04-08,"63","57","50","53","49","44","96","76","55","30.19","30.13","30.07","10","10","10","20","8","24","0.06","3","Rain","296<br />","San Francisco (CA)","Spring"
"24544",2015-04-09,"66","58","49","53","48","42","100","74","48","30.09","30.02","29.96","10","10","10","21","7","23","0.00","3","","293<br />","San Francisco (CA)","Spring"
"24545",2015-04-10,"65","57","49","52","47","41","100","73","46","30.07","30.03","29.99","10","10","10","22","10","26","0.00","1","","284<br />","San Francisco (CA)","Spring"
"24546",2015-04-11,"69","60","51","56","50","46","100","73","45","30.09","30.05","30.02","10","10","10","32","15","38","0.00","3","","276<br />","San Francisco (CA)","Spring"
"24547",2015-04-12,"74","63","51","56","52","46","100","74","47","30.06","30.02","29.96","10","10","9","22","10","26","0.00","1","","299<br />","San Francisco (CA)","Spring"
"24548",2015-04-13,"62","57","51","56","51","46","100","78","56","30.18","30.10","30.02","10","10","10","28","16","36","T","4","","271<br />","San Francisco (CA)","Spring"
"24549",2015-04-14,"63","57","50","45","39","31","77","55","32","30.36","30.29","30.19","10","10","10","30","15","36","0.00","1","","289<br />","San Francisco (CA)","Spring"
"24550",2015-04-15,"69","59","48","46","40","33","86","58","29","30.24","30.13","30.03","10","10","10","25","12","29","0.00","1","","305<br />","San Francisco (CA)","Spring"
"24551",2015-04-16,"80","66","51","50","38","29","59","39","19","30.06","30.02","29.99","10","10","9","25","9","30","0.00","0","","312<br />","San Francisco (CA)","Spring"
"24552",2015-04-17,"70","61","51","52","49","38","100","71","42","30.10","30.06","30.02","10","10","9","25","11","29","0.00","1","","294<br />","San Francisco (CA)","Spring"
"24553",2015-04-18,"67","58","49","53","51","46","100","82","63","30.07","30.01","29.92","10","10","8","22","10","26","0.00","2","","298<br />","San Francisco (CA)","Spring"
"24554",2015-04-19,"64","58","51","54","52","51","100","84","67","29.99","29.94","29.89","10","10","10","23","10","28","0.00","4","","300<br />","San Francisco (CA)","Spring"
"24555",2015-04-20,"68","61","53","54","52","49","100","79","58","29.91","29.88","29.85","10","10","10","20","9","24","0.00","5","","260<br />","San Francisco (CA)","Spring"
"24556",2015-04-21,"59","57","54","54","52","50","100","89","77","29.93","29.89","29.86","10","10","10","21","10","25","0.00","7","","228<br />","San Francisco (CA)","Spring"
"24557",2015-04-22,"65","59","52","53","51","48","100","82","63","29.91","29.88","29.85","10","10","8","23","8","26","0.00","6","","270<br />","San Francisco (CA)","Spring"
"24558",2015-04-23,"67","59","51","59","48","44","100","74","48","29.91","29.89","29.86","10","10","8","37","13","41","0.00","4","","228<br />","San Francisco (CA)","Spring"
"24559",2015-04-24,"63","58","52","53","47","42","89","69","48","30.05","29.98","29.90","10","10","7","37","18","44","0.12","6","Rain","259<br />","San Francisco (CA)","Spring"
"24560",2015-04-25,"61","57","52","54","49","43","93","77","60","30.08","29.97","29.90","10","9","4","37","23","45","0.29","6","Rain","265<br />","San Francisco (CA)","Spring"
"24561",2015-04-26,"67","59","51","49","46","42","83","64","44","30.17","30.11","30.07","10","10","10","31","16","38","0.00","3","","274<br />","San Francisco (CA)","Spring"
"24562",2015-04-27,"80","66","52","57","50","47","89","65","40","30.06","30.01","29.94","10","10","10","30","12","35","0.00","3","","288<br />","San Francisco (CA)","Spring"
"24563",2015-04-28,"64","58","52","50","49","48","89","75","60","30.08","30.04","30.01","10","10","10","30","15","35","0.00","6","","269<br />","San Francisco (CA)","Spring"
"24564",2015-04-29,"68","60","51","49","46","44","83","68","52","30.04","29.99","29.90","10","10","8","25","13","31","0.00","2","","275<br />","San Francisco (CA)","Spring"
"24565",2015-04-30,"88","70","52","54","45","38","77","49","21","29.90","29.84","29.78","10","10","10","21","6","23","0.00","1","","285<br />","San Francisco (CA)","Spring"
"24566",2015-05-01,"75","65","54","57","51","47","86","68","49","29.91","29.86","29.81","10","10","9","24","10","29","0.00","1","","307<br />","San Francisco (CA)","Spring"
"24567",2015-05-02,"67","60","53","51","49","46","89","73","56","29.91","29.87","29.83","10","10","10","22","9","28","0.00","3","","303<br />","San Francisco (CA)","Spring"
"24568",2015-05-03,"65","59","52","50","47","45","83","68","52","29.94","29.89","29.86","10","10","10","17","9","23","0.00","3","","223<br />","San Francisco (CA)","Spring"
"24569",2015-05-04,"61","57","52","47","46","45","83","73","62","30.00","29.98","29.94","10","10","10","23","12","29","0.00","7","","247<br />","San Francisco (CA)","Spring"
"24570",2015-05-05,"62","57","52","46","45","44","83","69","55","29.99","29.95","29.91","10","10","9","24","14","35","0.00","5","","245<br />","San Francisco (CA)","Spring"
"24571",2015-05-06,"66","59","51","48","45","43","77","63","48","29.92","29.87","29.81","10","10","8","30","15","37","0.00","2","","266<br />","San Francisco (CA)","Spring"
"24572",2015-05-07,"68","59","50","46","44","39","80","59","37","29.81","29.77","29.74","10","10","9","22","10","26","0.00","4","","276<br />","San Francisco (CA)","Spring"
"24573",2015-05-08,"68","59","50","50","47","43","77","63","49","30.05","29.89","29.77","10","10","9","21","9","25","0.00","1","","286<br />","San Francisco (CA)","Spring"
"24574",2015-05-09,"65","59","52","49","47","46","83","70","56","30.12","30.09","30.05","10","10","10","24","12","28","0.00","6","","260<br />","San Francisco (CA)","Spring"
"24575",2015-05-10,"62","57","52","48","47","46","83","72","60","30.10","30.06","29.99","10","10","10","23","13","29","0.00","6","","256<br />","San Francisco (CA)","Spring"
"24576",2015-05-11,"62","57","52","48","46","44","89","73","57","29.99","29.95","29.88","10","10","10","36","23","41","0.00","4","","261<br />","San Francisco (CA)","Spring"
"24577",2015-05-12,"62","57","51","45","44","40","77","60","43","29.98","29.95","29.88","10","10","10","36","24","43","0.00","3","","272<br />","San Francisco (CA)","Spring"
"24578",2015-05-13,"65","59","52","49","44","41","77","61","44","29.99","29.95","29.91","10","10","10","21","12","25","0.00","6","","249<br />","San Francisco (CA)","Spring"
"24579",2015-05-14,"65","60","55","49","47","44","77","63","48","29.90","29.84","29.80","10","10","10","21","8","24","0.00","6","","218<br />","San Francisco (CA)","Spring"
"24580",2015-05-15,"62","58","53","48","47","46","83","72","60","29.97","29.93","29.86","10","10","10","30","15","38","0.00","6","","258<br />","San Francisco (CA)","Spring"
"24581",2015-05-16,"61","58","54","49","48","47","83","74","64","30.04","30.00","29.95","10","10","10","22","13","28","0.00","7","","254<br />","San Francisco (CA)","Spring"
"24582",2015-05-17,"62","59","55","49","48","47","77","69","60","30.07","30.04","30.01","10","10","10","20","12","25","0.00","7","","261<br />","San Francisco (CA)","Spring"
"24583",2015-05-18,"60","58","55","49","48","46","77","72","67","30.12","30.08","30.04","10","10","10","22","13","26","0.00","8","","265<br />","San Francisco (CA)","Spring"
"24584",2015-05-19,"63","59","55","49","48","47","77","69","60","30.12","30.08","30.01","10","10","10","23","12","29","T","7","","264<br />","San Francisco (CA)","Spring"
"24585",2015-05-20,"62","59","55","50","49","48","83","74","64","30.00","29.97","29.94","10","10","10","18","10","24","T","8","","250<br />","San Francisco (CA)","Spring"
"24586",2015-05-21,"67","61","55","54","52","50","93","76","58","29.99","29.95","29.93","10","10","6","21","9","25","0.01","7","","252<br />","San Francisco (CA)","Spring"
"24587",2015-05-22,"64","60","56","52","51","48","86","75","64","30.08","30.03","29.99","10","10","10","21","12","28","0.01","7","","265<br />","San Francisco (CA)","Spring"
"24588",2015-05-23,"63","59","54","52","49","48","89","75","60","30.11","30.08","30.04","10","10","9","30","14","36","0.00","7","","252<br />","San Francisco (CA)","Spring"
"24589",2015-05-24,"61","56","51","50","49","46","89","77","64","30.06","30.02","29.98","10","10","9","22","10","30","0.00","6","","251<br />","San Francisco (CA)","Spring"
"24590",2015-05-25,"64","59","53","50","49","48","89","75","60","30.01","29.98","29.96","10","10","7","22","12","28","T","7","","257<br />","San Francisco (CA)","Spring"
"24591",2015-05-26,"65","60","54","51","49","48","93","75","56","30.03","30.00","29.98","10","10","9","21","10","29","T","6","","243<br />","San Francisco (CA)","Spring"
"24592",2015-05-27,"64","59","53","52","49","47","89","73","56","30.04","30.02","30.00","10","10","10","26","13","36","0.00","6","","261<br />","San Francisco (CA)","Spring"
"24593",2015-05-28,"62","57","52","52","50","48","89","77","64","30.07","30.03","30.00","10","10","10","26","15","31","0.00","7","","270<br />","San Francisco (CA)","Spring"
"24594",2015-05-29,"62","58","53","51","50","48","89","77","65","30.02","29.98","29.94","10","10","10","26","13","32","0.00","6","","272<br />","San Francisco (CA)","Spring"
"24595",2015-05-30,"64","58","52","52","50","48","89","78","67","29.99","29.95","29.91","10","10","10","28","13","31","0.00","6","","283<br />","San Francisco (CA)","Spring"
"24596",2015-05-31,"67","60","53","49","48","47","83","70","56","29.98","29.94","29.92","10","10","10","26","13","31","0.00","6","","259<br />","San Francisco (CA)","Spring"
"24597",2015-06-01,"74","66","58","57","54","48","84","66","47","30.07","30.02","29.96","10","10","9","22","9","26","0.00","6","","226<br />","San Francisco (CA)","Spring"
"24598",2015-06-02,"65","61","56","55","52","50","87","75","63","30.09","30.04","29.98","10","10","9","29","15","33","0.00","6","","269<br />","San Francisco (CA)","Spring"
"24599",2015-06-03,"65","60","55","52","50","48","86","73","60","29.97","29.94","29.87","10","10","10","26","16","36","0.00","5","","262<br />","San Francisco (CA)","Spring"
"24600",2015-06-04,"70","62","54","52","50","48","83","69","55","29.86","29.84","29.81","10","10","9","22","10","26","0.00","4","","277<br />","San Francisco (CA)","Spring"
"24601",2015-06-05,"73","64","54","56","52","48","86","72","57","29.86","29.82","29.79","10","10","9","21","7","23","0.00","3","","331<br />","San Francisco (CA)","Spring"
"24602",2015-06-06,"74","66","57","56","54","51","86","72","57","29.93","29.89","29.85","10","10","10","20","7","23","0.00","5","","314<br />","San Francisco (CA)","Spring"
"24603",2015-06-07,"71","63","55","55","53","51","86","72","57","29.93","29.89","29.83","10","10","10","25","13","31","0.00","4","","298<br />","San Francisco (CA)","Spring"
"24604",2015-06-08,"84","70","55","61","53","51","86","60","34","29.88","29.84","29.76","10","10","10","28","12","30","0.00","1","","301<br />","San Francisco (CA)","Spring"
"24605",2015-06-09,"79","67","54","59","55","52","100","77","53","29.92","29.88","29.83","10","10","10","22","9","25","0.00","5","","312<br />","San Francisco (CA)","Spring"
"24606",2015-06-10,"68","62","56","62","57","55","93","83","73","29.94","29.90","29.88","10","10","8","20","10","23","0.26","7","Rain","297<br />","San Francisco (CA)","Spring"
"24607",2015-06-11,"71","63","54","59","55","53","100","81","61","29.92","29.87","29.81","10","7","2","22","12","26","0.00","4","","304<br />","San Francisco (CA)","Spring"
"24608",2015-06-12,"73","64","55","57","55","53","93","71","49","29.85","29.80","29.74","10","10","7","24","12","33","0.00","1","","303<br />","San Francisco (CA)","Spring"
"24609",2015-06-13,"77","67","56","59","55","52","93","71","49","29.79","29.77","29.74","10","10","8","17","8","24","0.00","1","","306<br />","San Francisco (CA)","Spring"
"24610",2015-06-14,"70","62","53","52","50","48","89","73","56","29.88","29.82","29.76","10","10","8","24","13","29","0.00","2","","274<br />","San Francisco (CA)","Spring"
"24611",2015-06-15,"61","57","53","50","49","49","83","78","72","29.97","29.92","29.87","10","10","8","24","14","31","0.00","7","","256<br />","San Francisco (CA)","Spring"
"24612",2015-06-16,"66","60","53","51","50","48","89","75","60","29.98","29.95","29.92","10","10","9","28","13","31","0.00","3","","283<br />","San Francisco (CA)","Spring"
"24613",2015-06-17,"67","60","52","52","50","48","89","76","63","29.95","29.93","29.90","10","10","9","29","12","33","0.00","2","","300<br />","San Francisco (CA)","Spring"
"24614",2015-06-18,"67","60","52","50","48","44","89","67","45","30.03","29.99","29.94","10","10","10","21","12","26","0.00","2","","295<br />","San Francisco (CA)","Spring"
"24615",2015-06-19,"69","60","51","51","49","46","89","71","52","30.01","29.98","29.95","10","10","10","26","14","32","0.00","2","","292<br />","San Francisco (CA)","Spring"
"24616",2015-06-20,"69","61","53","53","51","50","93","74","55","29.93","29.90","29.87","10","10","10","24","15","28","0.00","5","","297<br />","San Francisco (CA)","Spring"
"24617",2015-06-21,"66","61","55","52","50","48","86","69","52","30.05","30.00","29.91","10","10","10","24","14","30","0.00","3","","273<br />","San Francisco (CA)","Summer"
"24618",2015-06-22,"64","59","54","52","50","49","86","75","63","30.07","30.04","30.01","10","10","10","25","13","30","0.00","3","","274<br />","San Francisco (CA)","Summer"
"24619",2015-06-23,"68","61","54","51","49","48","83","68","53","30.03","29.99","29.94","10","10","10","29","15","36","0.00","1","","286<br />","San Francisco (CA)","Summer"
"24620",2015-06-24,"71","63","54","51","50","48","86","70","53","29.96","29.93","29.89","10","10","9","25","13","31","0.00","2","","284<br />","San Francisco (CA)","Summer"
"24621",2015-06-25,"76","66","56","61","53","49","77","63","49","29.92","29.89","29.85","10","10","10","22","9","24","0.00","1","","306<br />","San Francisco (CA)","Summer"
"24622",2015-06-26,"73","65","56","57","55","53","87","72","57","29.97","29.92","29.89","10","10","10","22","11","26","0.00","2","","303<br />","San Francisco (CA)","Summer"
"24623",2015-06-27,"75","67","58","58","55","52","80","67","53","30.01","29.98","29.95","10","10","10","20","8","23","0.00","6","","242<br />","San Francisco (CA)","Summer"
"24624",2015-06-28,"72","66","59","56","55","55","87","72","57","30.02","30.00","29.96","10","10","10","24","12","30","0.00","6","","266<br />","San Francisco (CA)","Summer"
"24625",2015-06-29,"68","62","56","54","54","52","86","73","59","30.04","29.99","29.93","10","10","10","26","15","35","0.00","5","","278<br />","San Francisco (CA)","Summer"
"24626",2015-06-30,"79","67","55","57","54","53","93","70","47","29.93","29.87","29.81","10","10","10","23","13","26","0.00","5","","301<br />","San Francisco (CA)","Summer"
"24627",2015-07-01,"74","65","56","58","55","54","93","73","53","29.92","29.88","29.83","10","10","10","30","12","35","0.00","5","","299<br />","San Francisco (CA)","Summer"
"24628",2015-07-02,"73","66","58","59","57","56","93","77","61","29.97","29.93","29.89","10","10","10","22","11","26","T","6","","310<br />","San Francisco (CA)","Summer"
"24629",2015-07-03,"72","65","58","58","57","56","93","77","61","29.96","29.92","29.88","10","10","10","26","14","31","T","3","Rain","300<br />","San Francisco (CA)","Summer"
"24630",2015-07-04,"71","65","58","57","56","55","100","83","66","29.89","29.87","29.83","10","10","10","25","14","32","0.00","3","","295<br />","San Francisco (CA)","Summer"
"24631",2015-07-05,"77","68","59","57","56","55","90","72","53","30.01","29.95","29.89","10","10","10","22","9","25","0.00","4","","261<br />","San Francisco (CA)","Summer"
"24632",2015-07-06,"72","66","60","57","55","53","84","69","53","30.09","30.05","30.02","10","10","10","22","11","28","0.00","5","","268<br />","San Francisco (CA)","Summer"
"24633",2015-07-07,"74","68","61","58","56","55","84","69","53","30.04","29.98","29.93","10","10","10","23","13","28","0.00","6","","263<br />","San Francisco (CA)","Summer"
"24634",2015-07-08,"69","65","60","57","54","52","84","72","59","29.92","29.88","29.85","10","10","10","23","12","29","T","7","Rain","260<br />","San Francisco (CA)","Summer"
"24635",2015-07-09,"68","64","59","57","55","54","87","78","68","29.91","29.88","29.84","10","10","9","17","9","22","T","8","Rain","249<br />","San Francisco (CA)","Summer"
"24636",2015-07-10,"71","66","60","57","55","54","84","71","57","29.96","29.93","29.90","10","10","10","17","10","22","T","6","","262<br />","San Francisco (CA)","Summer"
"24637",2015-07-11,"73","67","60","56","54","51","84","69","53","30.01","29.98","29.93","10","10","10","22","12","30","0.00","4","","267<br />","San Francisco (CA)","Summer"
"24638",2015-07-12,"74","68","62","57","56","52","84","67","49","30.06","30.03","30.01","10","10","10","22","11","26","0.00","6","","271<br />","San Francisco (CA)","Summer"
"24639",2015-07-13,"72","67","62","58","57","56","84","73","61","30.04","30.00","29.94","10","10","10","33","18","39","0.00","6","","266<br />","San Francisco (CA)","Summer"
"24640",2015-07-14,"68","64","59","57","56","55","93","78","63","29.95","29.92","29.90","10","10","7","28","16","35","T","7","","258<br />","San Francisco (CA)","Summer"
"24641",2015-07-15,"79","69","59","60","57","55","87","69","50","29.91","29.88","29.85","10","10","10","17","8","22","0.00","2","","335<br />","San Francisco (CA)","Summer"
"24642",2015-07-16,"77","68","59","61","57","54","84","71","57","29.93","29.90","29.85","10","10","9","21","8","24","0.00","3","","304<br />","San Francisco (CA)","Summer"
"24643",2015-07-17,"73","66","59","59","56","55","87","72","57","29.88","29.84","29.78","10","10","10","25","11","30","0.00","4","","297<br />","San Francisco (CA)","Summer"
"24644",2015-07-18,"76","68","59","57","54","53","84","65","46","30.01","29.92","29.84","10","10","10","20","8","24","0.00","2","","254<br />","San Francisco (CA)","Summer"
"24645",2015-07-19,"88","76","63","60","56","53","73","55","36","30.06","30.04","30.00","10","10","10","24","9","30","0.00","5","Thunderstorm","300<br />","San Francisco (CA)","Summer"
"24646",2015-07-20,"76","68","60","62","58","55","84","71","57","30.02","29.99","29.95","10","10","10","25","11","29","0.00","3","","305<br />","San Francisco (CA)","Summer"
"24647",2015-07-21,"70","65","60","57","56","55","84","73","61","29.96","29.91","29.86","10","10","10","23","13","30","0.00","5","","265<br />","San Francisco (CA)","Summer"
"24648",2015-07-22,"68","64","60","55","54","53","84","74","63","29.92","29.89","29.84","10","10","10","26","14","31","0.00","5","","253<br />","San Francisco (CA)","Summer"
"24649",2015-07-23,"68","64","60","55","54","53","78","71","63","30.06","30.01","29.92","10","10","10","28","14","32","0.00","5","","248<br />","San Francisco (CA)","Summer"
"24650",2015-07-24,"72","65","58","55","53","50","86","67","47","30.13","30.09","30.06","10","10","10","29","14","33","0.00","2","","270<br />","San Francisco (CA)","Summer"
"24651",2015-07-25,"69","64","59","56","55","54","87","75","63","30.12","30.07","29.99","10","10","10","28","14","32","0.00","6","","267<br />","San Francisco (CA)","Summer"
"24652",2015-07-26,"74","67","59","58","55","53","84","69","53","29.99","29.95","29.91","10","10","10","24","11","30","0.00","3","","266<br />","San Francisco (CA)","Summer"
"24653",2015-07-27,"81","69","57","59","54","53","86","63","39","29.97","29.93","29.89","10","10","9","28","13","31","0.00","0","","295<br />","San Francisco (CA)","Summer"
"24654",2015-07-28,"87","73","58","62","54","49","80","55","29","29.90","29.87","29.82","10","10","10","22","9","24","0.00","1","","303<br />","San Francisco (CA)","Summer"
"24655",2015-07-29,"81","69","57","61","57","55","93","69","45","29.96","29.90","29.86","10","10","10","24","12","29","0.00","1","","302<br />","San Francisco (CA)","Summer"
"24656",2015-07-30,"73","67","60","60","58","57","90","76","61","30.05","30.00","29.97","10","10","10","25","13","30","0.00","4","","305<br />","San Francisco (CA)","Summer"
"24657",2015-07-31,"73","67","60","59","57","55","90","76","61","30.04","30.01","29.97","10","10","10","23","13","28","0.00","5","","277<br />","San Francisco (CA)","Summer"
"24658",2015-08-01,"75","69","62","59","57","55","84","69","54","30.03","29.98","29.93","10","10","10","21","12","24","0.00","3","","267<br />","San Francisco (CA)","Summer"
"24659",2015-08-02,"71","67","62","57","56","55","84","71","57","30.00","29.96","29.91","10","10","10","23","13","29","0.00","5","","266<br />","San Francisco (CA)","Summer"
"24660",2015-08-03,"73","68","63","57","54","52","78","64","49","29.99","29.96","29.94","10","10","10","23","13","29","0.00","4","","264<br />","San Francisco (CA)","Summer"
"24661",2015-08-04,"73","67","61","57","55","52","84","67","49","30.03","30.00","29.97","10","10","10","18","9","26","T","5","Rain","269<br />","San Francisco (CA)","Summer"
"24662",2015-08-05,"73","66","59","58","56","54","90","74","57","30.06","30.00","29.92","10","10","10","28","12","33","0.00","3","","282<br />","San Francisco (CA)","Summer"
"24663",2015-08-06,"70","65","59","57","56","55","87","77","66","29.93","29.88","29.82","10","10","9","23","12","26","T","5","Rain-Thunderstorm","292<br />","San Francisco (CA)","Summer"
"24664",2015-08-07,"76","67","58","59","56","54","86","68","50","29.91","29.88","29.84","10","10","10","15","7","20","0.00","3","","232<br />","San Francisco (CA)","Summer"
"24665",2015-08-08,"71","66","61","57","56","54","84","71","57","29.96","29.94","29.91","10","10","10","25","12","32","0.00","4","","249<br />","San Francisco (CA)","Summer"
"24666",2015-08-09,"71","66","60","58","57","55","90","78","66","29.97","29.94","29.90","10","10","10","30","13","36","0.00","4","","272<br />","San Francisco (CA)","Summer"
"24667",2015-08-10,"73","67","60","61","57","54","90","76","61","29.98","29.94","29.91","10","10","10","28","14","32","0.00","5","","266<br />","San Francisco (CA)","Summer"
"24668",2015-08-11,"73","67","60","57","56","54","90","72","53","29.99","29.94","29.91","10","10","10","28","13","31","0.00","4","","264<br />","San Francisco (CA)","Summer"
"24669",2015-08-12,"77","68","58","61","57","53","87","65","43","30.07","30.03","29.99","10","10","10","24","10","28","0.00","1","","283<br />","San Francisco (CA)","Summer"
"24670",2015-08-13,"75","69","62","61","58","54","93","71","49","30.06","30.04","30.00","10","10","8","25","11","29","0.00","5","","281<br />","San Francisco (CA)","Summer"
"24671",2015-08-14,"74","68","61","60","57","56","93","75","57","30.09","30.05","30.00","10","10","7","26","14","36","0.00","4","","275<br />","San Francisco (CA)","Summer"
"24672",2015-08-15,"92","76","60","64","57","53","90","59","28","30.00","29.95","29.88","10","9","5","25","8","30","0.00","4","","303<br />","San Francisco (CA)","Summer"
"24673",2015-08-16,"90","76","61","65","56","50","78","56","33","29.91","29.86","29.81","10","10","7","22","9","25","0.00","5","","301<br />","San Francisco (CA)","Summer"
"24674",2015-08-17,"76","68","60","59","57","56","90","72","54","29.91","29.85","29.82","10","9","7","25","13","31","0.00","2","","296<br />","San Francisco (CA)","Summer"
"24675",2015-08-18,"76","68","59","59","56","54","87","71","54","29.94","29.91","29.87","10","9","6","20","8","25","0.00","4","","294<br />","San Francisco (CA)","Summer"
"24676",2015-08-19,"74","67","59","57","55","54","84","69","53","29.96","29.93","29.90","10","10","9","22","10","31","0.00","3","","251<br />","San Francisco (CA)","Summer"
"24677",2015-08-20,"69","65","61","56","55","54","84","71","57","29.95","29.90","29.86","10","10","10","23","12","29","0.00","5","","270<br />","San Francisco (CA)","Summer"
"24678",2015-08-21,"71","65","59","58","55","54","87","74","61","29.91","29.89","29.86","10","10","10","23","8","26","0.00","2","","256<br />","San Francisco (CA)","Summer"
"24679",2015-08-22,"73","66","59","58","55","54","84","73","61","29.95","29.92","29.89","10","10","10","22","8","26","0.00","3","","206<br />","San Francisco (CA)","Summer"
"24680",2015-08-23,"74","67","60","56","55","54","84","69","53","30.02","29.99","29.95","10","10","10","22","12","28","0.00","5","","243<br />","San Francisco (CA)","Summer"
"24681",2015-08-24,"72","66","60","56","55","54","84","71","57","30.07","30.02","29.98","10","10","9","24","14","29","0.00","4","","277<br />","San Francisco (CA)","Summer"
"24682",2015-08-25,"71","65","58","56","55","54","87","74","61","30.03","29.99","29.94","10","10","8","29","14","31","0.00","3","","286<br />","San Francisco (CA)","Summer"
"24683",2015-08-26,"77","67","57","56","55","52","93","70","46","30.04","30.01","29.98","10","10","10","26","12","33","0.00","4","","291<br />","San Francisco (CA)","Summer"
"24684",2015-08-27,"86","74","61","59","53","45","84","56","28","30.06","30.01","29.96","10","10","10","31","13","37","0.00","3","","292<br />","San Francisco (CA)","Summer"
"24685",2015-08-28,"93","79","64","65","59","53","93","61","28","29.96","29.91","29.86","10","10","10","24","9","204","0.00","4","","293<br />","San Francisco (CA)","Summer"
"24686",2015-08-29,"75","70","65","64","61","57","93","77","61","30.02","29.98","29.93","10","10","8","18","8","22","T","5","","258<br />","San Francisco (CA)","Summer"
"24687",2015-08-30,"74","69","63","61","58","55","93","73","53","30.06","30.01","29.94","10","10","10","35","17","44","0.00","4","","278<br />","San Francisco (CA)","Summer"
"24688",2015-08-31,"76","68","60","59","57","55","84","69","54","29.95","29.91","29.87","10","10","10","25","10","29","0.00","1","","281<br />","San Francisco (CA)","Summer"
"24689",2015-09-01,"76","68","59","57","55","53","84","65","46","29.94","29.89","29.86","10","10","10","23","8","26","0.00","2","","245<br />","San Francisco (CA)","Summer"
"24690",2015-09-02,"73","68","62","58","56","54","78","68","57","29.97","29.94","29.91","10","10","10","25","15","30","0.00","5","","257<br />","San Francisco (CA)","Summer"
"24691",2015-09-03,"69","64","59","56","53","50","84","70","56","29.96","29.90","29.85","10","10","10","23","16","30","0.00","1","","254<br />","San Francisco (CA)","Summer"
"24692",2015-09-04,"69","63","56","52","50","47","80","65","49","29.91","29.88","29.84","10","10","10","33","17","43","0.00","2","","260<br />","San Francisco (CA)","Summer"
"24693",2015-09-05,"77","65","53","53","48","43","83","58","33","30.00","29.95","29.91","10","10","10","26","8","32","0.00","1","","262<br />","San Francisco (CA)","Summer"
"24694",2015-09-06,"85","71","56","55","45","34","65","41","16","30.00","29.95","29.90","10","10","10","18","6","21","0.00","1","","302<br />","San Francisco (CA)","Summer"
"24695",2015-09-07,"89","74","58","62","46","35","73","47","21","29.95","29.90","29.85","10","10","10","21","5","23","0.00","1","","303<br />","San Francisco (CA)","Summer"
"24696",2015-09-08,"92","77","61","63","47","37","73","47","21","29.91","29.86","29.80","10","10","9","20","6","24","0.00","0","","319<br />","San Francisco (CA)","Summer"
"24697",2015-09-09,"91","76","60","62","51","42","64","42","19","29.89","29.85","29.79","10","10","10","22","9","25","0.00","0","","300<br />","San Francisco (CA)","Summer"
"24698",2015-09-10,"83","70","57","63","54","46","86","58","30","29.91","29.87","29.83","10","10","10","28","10","30","0.00","3","","303<br />","San Francisco (CA)","Summer"
"24699",2015-09-11,"76","67","57","56","54","51","93","68","43","29.94","29.91","29.85","10","10","10","28","15","31","0.00","3","","295<br />","San Francisco (CA)","Summer"
"24700",2015-09-12,"73","65","57","62","55","54","93","75","57","30.00","29.94","29.86","10","10","10","28","11","32","0.00","6","","291<br />","San Francisco (CA)","Summer"
"24701",2015-09-13,"72","66","59","59","57","55","90","76","61","29.93","29.82","29.73","10","10","10","24","11","29","T","6","Rain","300<br />","San Francisco (CA)","Summer"
"24702",2015-09-14,"68","63","58","59","56","55","87","80","73","29.82","29.77","29.72","10","10","8","23","10","29","T","7","Rain","207<br />","San Francisco (CA)","Summer"
"24703",2015-09-15,"68","63","57","54","52","48","86","69","52","29.94","29.89","29.83","10","10","10","32","13","37","0.00","4","","264<br />","San Francisco (CA)","Summer"
"24704",2015-09-16,"70","64","58","58","54","52","84","69","53","30.04","29.99","29.94","10","10","10","24","9","29","T","6","Rain","194<br />","San Francisco (CA)","Summer"
"24705",2015-09-17,"70","64","58","58","56","53","90","75","59","30.10","30.04","29.99","10","10","10","28","11","31","0.00","4","","293<br />","San Francisco (CA)","Summer"
"24706",2015-09-18,"79","68","56","59","54","51","86","64","42","29.99","29.94","29.87","10","10","10","24","9","30","0.00","0","","298<br />","San Francisco (CA)","Summer"
"24707",2015-09-19,"85","70","55","59","52","48","86","60","34","29.89","29.84","29.78","10","10","10","20","6","22","0.00","0","","297<br />","San Francisco (CA)","Summer"
"24708",2015-09-20,"93","77","61","62","52","46","68","48","27","29.89","29.83","29.78","10","10","10","18","5","22","0.00","1","","328<br />","San Francisco (CA)","Summer"
"24709",2015-09-21,"91","76","60","62","56","46","78","56","34","29.81","29.77","29.71","10","10","10","22","9","26","0.00","1","","314<br />","San Francisco (CA)","Summer"
"24710",2015-09-22,"65","62","58","54","53","51","86","75","63","29.99","29.92","29.80","10","10","9","23","12","30","0.00","2","","261<br />","San Francisco (CA)","Summer"
"24711",2015-09-23,"75","65","55","55","51","47","83","62","41","30.02","29.97","29.92","10","10","10","26","9","30","0.00","2","","294<br />","San Francisco (CA)","Autumn"
"24712",2015-09-24,"85","73","60","60","53","47","78","57","35","29.98","29.92","29.86","10","10","10","24","9","28","0.00","4","","289<br />","San Francisco (CA)","Autumn"
"24713",2015-09-25,"74","66","58","55","53","51","87","67","46","29.94","29.91","29.88","10","10","10","26","13","31","0.00","3","","290<br />","San Francisco (CA)","Autumn"
"24714",2015-09-26,"71","64","57","55","54","53","87","72","57","29.95","29.90","29.83","10","10","10","24","14","29","0.00","4","","300<br />","San Francisco (CA)","Autumn"
"24715",2015-09-27,"71","64","57","59","55","53","86","74","61","29.85","29.82","29.79","10","10","10","20","10","23","0.00","6","","301<br />","San Francisco (CA)","Autumn"
"24716",2015-09-28,"70","63","55","56","54","53","93","77","61","29.94","29.89","29.84","10","10","10","21","11","25","0.00","5","","293<br />","San Francisco (CA)","Autumn"
"24717",2015-09-29,"67","62","57","52","52","51","80","69","58","30.02","29.97","29.94","10","10","10","21","10","24","0.00","6","","265<br />","San Francisco (CA)","Autumn"
"24718",2015-09-30,"65","62","58","58","54","52","84","78","72","30.03","29.97","29.92","10","10","10","15","5","17","0.02","6","Rain","267<br />","San Francisco (CA)","Autumn"
"24719",2015-10-01,"74","67","59","59","55","52","84","69","53","30.06","29.98","29.93","10","10","10","23","9","26","0.00","4","","286<br />","San Francisco (CA)","Autumn"
"24720",2015-10-02,"76","66","56","59","55","51","93","73","53","30.06","30.00","29.87","10","10","10","26","9","30","0.00","1","","310<br />","San Francisco (CA)","Autumn"
"24721",2015-10-03,"71","63","55","56","52","48","86","72","57","29.83","29.63","29.46","10","10","9","43","12","48","0.00","2","","259<br />","San Francisco (CA)","Autumn"
"24722",2015-10-04,"73","63","53","55","50","47","83","62","41","29.71","29.60","29.47","10","10","10","20","7","23","0.00","1","","276<br />","San Francisco (CA)","Autumn"
"24723",2015-10-05,"74","66","57","58","53","46","73","61","49","29.99","29.86","29.71","10","10","10","17","7","22","0.00","0","","195<br />","San Francisco (CA)","Autumn"
"24724",2015-10-06,"74","67","60","58","56","54","84","69","53","30.13","30.07","29.99","10","10","10","21","8","26","0.00","2","","296<br />","San Francisco (CA)","Autumn"
"24725",2015-10-07,"73","66","59","58","55","54","84","71","57","30.15","30.12","30.09","10","10","10","26","10","32","0.00","5","","278<br />","San Francisco (CA)","Autumn"
"24726",2015-10-08,"80","69","58","61","55","51","84","62","39","30.11","30.07","30.04","10","10","10","24","8","28","0.00","5","","311<br />","San Francisco (CA)","Autumn"
"24727",2015-10-09,"79","68","57","61","55","47","93","63","33","30.10","30.05","30.00","10","10","5","26","12","29","0.00","2","","286<br />","San Francisco (CA)","Autumn"
"24728",2015-10-10,"71","66","60","61","59","57","100","83","66","30.06","30.01","29.98","10","7","1","28","13","35","0.00","6","","285<br />","San Francisco (CA)","Autumn"
"24729",2015-10-11,"74","66","58","60","57","55","93","77","61","30.04","29.99","29.94","10","10","10","26","11","30","0.00","1","","296<br />","San Francisco (CA)","Autumn"
"24730",2015-10-12,"82","69","56","64","56","51","87","66","45","30.00","29.95","29.90","10","10","10","18","6","22","0.00","0","","316<br />","San Francisco (CA)","Autumn"
"24731",2015-10-13,"87","75","62","63","57","49","78","54","29","30.02","29.98","29.94","10","10","10","18","7","22","0.00","2","","301<br />","San Francisco (CA)","Autumn"
"24732",2015-10-14,"78","70","61","60","56","37","84","60","36","30.01","29.97","29.92","10","10","10","18","8","21","0.00","5","","294<br />","San Francisco (CA)","Autumn"
"24733",2015-10-15,"71","66","61","59","57","57","90","78","66","29.98","29.94","29.91","10","10","10","25","10","29","0.00","6","","293<br />","San Francisco (CA)","Autumn"
"24734",2015-10-16,"72","66","60","57","56","54","90","76","61","29.96","29.93","29.87","10","10","10","25","11","29","0.00","4","","290<br />","San Francisco (CA)","Autumn"
"24735",2015-10-17,"69","65","60","59","56","53","84","75","66","30.00","29.97","29.95","10","10","10","21","8","25","T","6","","247<br />","San Francisco (CA)","Autumn"
"24736",2015-10-18,"69","65","60","58","56","55","84","74","63","30.02","29.98","29.96","10","10","9","25","15","31","T","6","Rain","271<br />","San Francisco (CA)","Autumn"
"24737",2015-10-19,"68","64","60","58","56","54","90","79","67","30.05","30.01","29.98","10","10","10","24","12","30","T","5","","277<br />","San Francisco (CA)","Autumn"
"24738",2015-10-20,"79","68","57","59","55","46","93","65","36","30.01","29.96","29.91","10","10","9","22","9","25","0.00","1","","294<br />","San Francisco (CA)","Autumn"
"24739",2015-10-21,"75","65","55","59","53","47","87","67","46","29.98","29.94","29.91","10","10","10","25","8","28","0.00","1","","287<br />","San Francisco (CA)","Autumn"
"24740",2015-10-22,"73","64","54","56","53","47","86","67","48","29.98","29.94","29.91","10","10","10","22","7","25","0.00","2","","290<br />","San Francisco (CA)","Autumn"
"24741",2015-10-23,"69","62","55","59","54","48","93","78","63","30.04","30.00","29.98","10","10","7","21","8","24","0.00","4","","304<br />","San Francisco (CA)","Autumn"
"24742",2015-10-24,"70","62","53","59","55","50","93","78","63","30.02","29.98","29.93","10","10","8","23","9","28","0.00","5","","301<br />","San Francisco (CA)","Autumn"
"24743",2015-10-25,"70","64","58","58","56","52","90","77","63","30.03","29.99","29.95","10","10","10","22","10","25","0.00","4","","281<br />","San Francisco (CA)","Autumn"
"24744",2015-10-26,"73","64","55","60","56","49","93","73","53","30.03","29.98","29.92","10","6","0","22","7","24","0.00","6","Fog","277<br />","San Francisco (CA)","Autumn"
"24745",2015-10-27,"68","63","58","57","52","44","84","67","49","30.04","29.99","29.96","10","10","10","24","5","30","T","7","","298<br />","San Francisco (CA)","Autumn"
"24746",2015-10-28,"70","65","59","60","56","53","84","75","66","30.06","30.03","30.01","10","10","10","29","10","35","T","4","","289<br />","San Francisco (CA)","Autumn"
"24747",2015-10-29,"72","64","56","54","52","50","86","67","47","30.04","30.00","29.95","10","10","10","30","13","36","0.00","0","","279<br />","San Francisco (CA)","Autumn"
"24748",2015-10-30,"78","66","53","58","51","46","86","61","36","30.06","30.02","29.99","10","10","10","22","7","25","0.00","0","","290<br />","San Francisco (CA)","Autumn"
"24749",2015-10-31,"73","64","55","58","55","52","90","70","49","30.14","30.09","30.04","10","10","9","23","8","26","0.00","3","","282<br />","San Francisco (CA)","Autumn"
"24750",2015-11-01,"71","64","57","61","57","52","87","74","61","30.16","30.07","29.97","10","10","8","17","7","21","0.03","6","Rain","274<br />","San Francisco (CA)","Autumn"
"24751",2015-11-02,"63","59","54","57","51","42","93","75","57","29.94","29.84","29.78","10","9","5","32","13","40","0.41","6","Rain","293<br />","San Francisco (CA)","Autumn"
"24752",2015-11-03,"64","58","51","49","45","40","77","60","43","29.96","29.92","29.84","10","10","10","23","8","28","0.00","1","","280<br />","San Francisco (CA)","Autumn"
"24753",2015-11-04,"64","57","50","47","40","33","83","59","34","30.14","30.05","29.97","10","10","10","23","11","30","0.00","1","","298<br />","San Francisco (CA)","Autumn"
"24754",2015-11-05,"64","56","47","50","45","39","77","65","52","30.28","30.23","30.15","10","10","10","16","5","18","0.00","4","","289<br />","San Francisco (CA)","Autumn"
"24755",2015-11-06,"67","58","48","48","43","36","86","59","32","30.30","30.24","30.19","10","10","10","16","6","43","0.00","1","","274<br />","San Francisco (CA)","Autumn"
"24756",2015-11-07,"66","57","47","50","47","41","86","69","52","30.19","30.12","30.05","10","10","10","18","6","21","0.00","1","","278<br />","San Francisco (CA)","Autumn"
"24757",2015-11-08,"62","56","49","54","49","45","89","77","64","30.05","30.01","29.97","10","10","5","18","7","24","0.03","5","Rain","253<br />","San Francisco (CA)","Autumn"
"24758",2015-11-09,"57","52","47","48","45","42","83","72","61","30.06","29.97","29.93","10","9","1","25","10","33","0.36","5","Rain-Thunderstorm","228<br />","San Francisco (CA)","Autumn"
"24759",2015-11-10,"60","53","45","45","42","40","82","67","51","30.36","30.23","30.06","10","10","10","15","7","17","0.00","1","","306<br />","San Francisco (CA)","Autumn"
"24760",2015-11-11,"63","54","44","48","44","40","89","72","55","30.42","30.36","30.31","10","10","10","16","4","18","0.00","0","","270<br />","San Francisco (CA)","Autumn"
"24761",2015-11-12,"63","54","45","49","45","42","86","69","51","30.29","30.21","30.12","10","10","10","17","5","21","0.00","1","","290<br />","San Francisco (CA)","Autumn"
"24762",2015-11-13,"67","57","46","50","45","41","86","64","42","30.13","30.07","30.01","10","10","9","12","2","13","0.00","0","","307<br />","San Francisco (CA)","Autumn"
"24763",2015-11-14,"64","55","46","50","46","42","93","74","55","30.00","29.92","29.83","10","9","5","18","5","21","0.00","1","","233<br />","San Francisco (CA)","Autumn"
"24764",2015-11-15,"59","55","50","52","44","32","93","74","54","30.11","29.90","29.77","10","9","3","41","23","53","0.31","5","Rain","270<br />","San Francisco (CA)","Autumn"
"24765",2015-11-16,"60","54","47","41","34","27","64","50","35","30.34","30.26","30.12","10","10","10","23","12","32","0.00","1","","302<br />","San Francisco (CA)","Autumn"
"24766",2015-11-17,"61","56","50","51","48","42","83","71","59","30.36","30.32","30.27","10","10","10","21","9","24","0.00","3","","285<br />","San Francisco (CA)","Autumn"
"24767",2015-11-18,"63","56","48","53","49","46","93","80","67","30.29","30.21","30.14","10","10","10","24","7","30","0.00","3","","272<br />","San Francisco (CA)","Autumn"
"24768",2015-11-19,"68","58","48","53","49","46","93","71","49","30.19","30.15","30.11","10","10","10","15","5","17","0.00","1","","308<br />","San Francisco (CA)","Autumn"
"24769",2015-11-20,"68","60","52","55","51","49","93","78","63","30.14","30.08","30.04","10","10","10","26","5","30","0.00","2","","287<br />","San Francisco (CA)","Autumn"
"24770",2015-11-21,"68","59","49","54","49","44","93","69","45","30.12","30.06","30.01","10","10","10","12","3","14","0.00","3","","29<br />","San Francisco (CA)","Autumn"
"24771",2015-11-22,"67","58","48","53","48","43","89","71","52","30.03","29.97","29.91","10","10","9","7","1","22","0.00","5","","324<br />","San Francisco (CA)","Autumn"
"24772",2015-11-23,"58","54","49","49","47","45","93","80","66","29.96","29.94","29.90","10","10","7","18","8","23","0.00","3","","269<br />","San Francisco (CA)","Autumn"
"24773",2015-11-24,"58","53","48","52","46","39","86","71","55","29.94","29.91","29.89","10","9","2","28","10","36","0.25","6","Rain","237<br />","San Francisco (CA)","Autumn"
"24774",2015-11-25,"54","48","42","42","37","33","92","69","46","30.03","29.96","29.89","10","10","10","22","6","25","0.03","2","","280<br />","San Francisco (CA)","Autumn"
"24775",2015-11-26,"53","48","42","38","31","26","82","59","35","30.14","30.09","30.04","10","10","10","23","8","29","0.00","1","","22<br />","San Francisco (CA)","Autumn"
"24776",2015-11-27,"56","49","42","35","29","25","62","46","30","30.16","30.12","30.09","10","10","10","22","6","25","0.00","1","","336<br />","San Francisco (CA)","Autumn"
"24777",2015-11-28,"56","49","42","33","27","20","67","49","30","30.18","30.15","30.11","10","10","10","21","6","24","0.00","0","","89<br />","San Francisco (CA)","Autumn"
"24778",2015-11-29,"55","46","37","40","31","25","70","51","32","30.22","30.18","30.16","10","10","10","12","3","13","0.00","1","","136<br />","San Francisco (CA)","Autumn"
"24779",2015-11-30,"51","45","38","38","35","30","79","67","54","30.24","30.20","30.18","10","10","10","12","4","13","T","6","","79<br />","San Francisco (CA)","Autumn"
"24780",2015-12-01,"56","50","43","45","37","33","76","61","46","30.25","30.22","30.18","10","10","10","14","3","15","0.00","3","","99<br />","San Francisco (CA)","Autumn"
"24781",2015-12-02,"58","52","46","44","41","38","86","67","47","30.24","30.16","30.05","10","10","10","5","1","7","0.00","5","","108<br />","San Francisco (CA)","Autumn"
"24782",2015-12-03,"59","52","45","54","47","38","86","74","62","30.12","30.01","29.93","10","8","2","30","10","39","0.20","5","Rain","193<br />","San Francisco (CA)","Autumn"
"24783",2015-12-04,"58","52","45","50","47","43","100","84","67","30.29","30.22","30.13","10","10","10","12","4","15","0.00","1","","216<br />","San Francisco (CA)","Autumn"
"24784",2015-12-05,"56","50","44","47","44","36","93","80","66","30.29","30.25","30.22","10","10","10","10","2","13","0.00","6","","132<br />","San Francisco (CA)","Autumn"
"24785",2015-12-06,"61","57","52","56","49","35","93","70","47","30.32","30.27","30.22","10","10","4","20","5","23","0.01","7","Rain","118<br />","San Francisco (CA)","Autumn"
"24786",2015-12-07,"58","56","54","55","53","52","100","90","80","30.32","30.28","30.25","10","7","2","12","2","13","0.00","7","","102<br />","San Francisco (CA)","Autumn"
"24787",2015-12-08,"60","56","52","55","53","51","93","87","80","30.27","30.22","30.18","10","8","0","9","3","10","0.00","7","Fog","43<br />","San Francisco (CA)","Autumn"
"24788",2015-12-09,"65","60","54","56","54","52","100","87","73","30.18","30.09","29.99","10","10","8","17","4","22","T","7","Rain","175<br />","San Francisco (CA)","Autumn"
"24789",2015-12-10,"61","56","51","57","50","44","93","74","55","29.95","29.90","29.85","10","8","3","29","13","36","0.47","7","Rain","226<br />","San Francisco (CA)","Autumn"
"24790",2015-12-11,"56","51","46","46","44","41","86","73","59","30.06","29.92","29.82","10","10","4","31","11","53","0.12","4","Rain-Thunderstorm","260<br />","San Francisco (CA)","Autumn"
"24791",2015-12-12,"57","52","46","47","45","42","86","74","61","30.19","30.15","30.06","10","10","10","16","6","21","0.00","4","","153<br />","San Francisco (CA)","Autumn"
"24792",2015-12-13,"57","53","48","55","46","36","96","79","61","30.16","30.00","29.86","10","8","1","37","19","47","0.76","6","Rain","244<br />","San Francisco (CA)","Autumn"
"24793",2015-12-14,"56","50","44","40","35","28","71","53","35","30.17","30.13","30.08","10","10","10","24","10","30","0.00","2","","310<br />","San Francisco (CA)","Autumn"
"24794",2015-12-15,"56","49","41","38","33","30","76","59","41","30.22","30.18","30.14","10","10","10","20","8","23","0.00","0","","326<br />","San Francisco (CA)","Autumn"
"24795",2015-12-16,"55","47","39","41","36","29","76","65","54","30.27","30.24","30.21","10","10","10","13","3","14","0.00","2","","320<br />","San Francisco (CA)","Autumn"
"24796",2015-12-17,"55","53","50","47","42","37","83","75","66","30.30","30.24","30.17","10","10","10","10","1","12","0.00","5","","98<br />","San Francisco (CA)","Autumn"
"24797",2015-12-18,"59","52","45","50","47","43","93","78","62","30.17","30.04","29.94","10","9","4","21","8","30","0.22","6","Rain","160<br />","San Francisco (CA)","Autumn"
"24798",2015-12-19,"55","52","49","49","44","37","93","76","59","30.14","30.01","29.95","10","10","8","24","11","29","0.04","4","","285<br />","San Francisco (CA)","Autumn"
"24799",2015-12-20,"54","48","42","52","45","37","96","81","66","30.23","30.16","30.12","10","7","2","18","9","26","0.24","7","Rain","138<br />","San Francisco (CA)","Autumn"
"24800",2015-12-21,"59","55","51","56","53","49","96","88","80","30.14","30.03","29.86","10","5","2","26","14","35","0.92","8","Rain","200<br />","San Francisco (CA)","Winter"
"24801",2015-12-22,"59","55","51","56","52","41","93","81","68","29.95","29.85","29.76","10","8","0","41","21","51","0.13","7","Fog-Rain","272<br />","San Francisco (CA)","Winter"
"24802",2015-12-23,"55","52","48","43","39","36","80","66","51","30.04","30.00","29.93","10","10","10","32","19","41","T","3","","279<br />","San Francisco (CA)","Winter"
"24803",2015-12-24,"53","49","45","45","40","36","80","71","61","30.09","29.99","29.94","10","10","3","26","13","35","0.13","6","Rain","273<br />","San Francisco (CA)","Winter"
"24804",2015-12-25,"51","46","40","40","37","33","79","67","54","30.40","30.24","30.09","10","10","10","16","7","21","0.00","2","","327<br />","San Francisco (CA)","Winter"
"24805",2015-12-26,"52","46","39","35","29","24","76","57","38","30.46","30.40","30.34","10","10","10","16","6","18","0.00","0","","60<br />","San Francisco (CA)","Winter"
"24806",2015-12-27,"48","41","34","37","34","29","82","71","60","30.33","30.22","30.10","10","10","9","15","4","17","0.01","5","Rain","156<br />","San Francisco (CA)","Winter"
"24807",2015-12-28,"48","45","41","40","37","34","89","77","65","30.12","30.06","30.01","10","10","4","13","5","15","0.11","4","Rain","52<br />","San Francisco (CA)","Winter"
"24808",2015-12-29,"54","45","36","41","36","28","92","67","41","30.19","30.12","30.04","10","10","10","12","3","13","0.00","1","","250<br />","San Francisco (CA)","Winter"
"24809",2015-12-30,"49","45","40","44","40","37","93","80","66","30.28","30.24","30.20","10","9","2","16","7","18","0.01","6","Rain","19<br />","San Francisco (CA)","Winter"
"24810",2015-12-31,"51","45","39","37","34","28","85","66","46","30.27","30.21","30.15","10","10","10","17","8","20","0.00","1","","78<br />","San Francisco (CA)","Winter"